1,"00:00:20,136","00:00:22,639",<i>My name is Max.</i>,0
2,"00:00:22,739","00:00:26,075",<i>My world is fire and blood.</i>,0
3,"00:00:26,175","00:00:27,610",<i>Why are you hurting these people?</i>,0
4,"00:00:27,710","00:00:30,179","<i>It's the oil, stupid.</i>",0
4,"00:00:27,710","00:00:30,179",<i>Oil wars.</i>,0
5,"00:00:30,279","00:00:32,215",<i>We are killing for guzzoline.</i>,0
5,"00:00:30,279","00:00:32,215",<i>Guzzoline.</i>,0
6,"00:00:32,315","00:00:34,117",<i>The world is actually running out of water.</i>,0
7,"00:00:34,217","00:00:37,453",<i>Now there's the water wars.</i>,0
8,"00:00:37,553","00:00:40,089","<i>Once, I was a cop,</i>",0
9,"00:00:40,189","00:00:43,025",<i>a road warrior searching for a righteous cause.</i>,0
10,"00:00:43,125","00:00:44,761",<i>...to the terminal freak-out point.</i>,0
11,"00:00:44,861","00:00:47,964","<i>Mankind has gone rogue, terrorizing itself.</i>",0
12,"00:00:48,064","00:00:49,599",<i>Thermonuclear skirmish.</i>,0
13,"00:00:49,699","00:00:52,435",<i>The earth is sour.</i>,0
13,"00:00:49,699","00:00:52,435",<i>Our bones are poisoned.</i>,0
14,"00:00:52,535","00:00:55,605",<i>We have become half-life.</i>,0
15,"00:00:55,705","00:01:01,110","<i>As the world fell, each of us, in our own way, was broken.</i>",0
16,"00:01:01,210","00:01:04,205",<i>It was hard to know who was more crazy...</i>,0
17,"00:01:06,349","00:01:10,143",<i>me or everyone else.</i>,0
18,"00:01:12,522","00:01:14,848",<i>Hello?</i>,0
19,"00:01:16,158","00:01:18,118",<i>Where are you?</i>,0
20,"00:01:24,900","00:01:26,068","<i>Where are you, Max?</i>",0
21,"00:01:26,168","00:01:28,438",<i>Here they come again.</i>,0
21,"00:01:26,168","00:01:28,438",<i>Max Rockatansky.</i>,0
22,"00:01:28,538","00:01:31,908",<i>Worming their way into the black matter of my brain.</i>,0
23,"00:01:32,008","00:01:34,835","<i>Help us, Max.</i>",0
23,"00:01:32,008","00:01:34,835",<i>You promised to help us.</i>,0
24,"00:01:38,381","00:01:42,550",<i>I tell myself... they cannot touch me.</i>,0
25,"00:01:44,350","00:01:46,720",<i>They are long dead.</i>,0
26,"00:02:17,853","00:02:20,180",After him!,0
27,"00:02:21,624","00:02:23,984",After him!,0
28,"00:02:28,130","00:02:29,990",Now!,0
29,"00:02:44,147","00:02:49,385","<i>I am the one who runs from both the living and the dead,</i>",0
30,"00:02:49,485","00:02:52,554","<i>hunted by scavengers,</i>",0
31,"00:02:52,654","00:02:55,449",<i>haunted by those I could not protect.</i>,0
32,"00:03:04,967","00:03:08,363",<i>So I exist in this wasteland.</i>,0
33,"00:03:12,375","00:03:17,046",<i>A man reduced to a single instinct...</i>,0
34,"00:03:17,146","00:03:19,339",<i>survive.</i>,0
35,"00:04:38,794","00:04:42,823",Max? Is that you? Where were you?,0
36,"00:04:45,134","00:04:48,604","Help us. Where were you? Help us, Max. Where were you, Max?",0
37,"00:05:04,920","00:05:07,700","Stop running, Max. Stop running.",0
38,"00:05:08,191","00:05:09,783",You let us die.,0
39,"00:05:10,893","00:05:12,228",You let us die!,0
40,"00:05:12,328","00:05:14,030",You let us die!,0
41,"00:05:14,130","00:05:15,931",You promised to help us.,0
42,"00:05:35,618","00:05:38,142",Witness!,0
43,"00:06:29,939","00:06:32,909",We are War Boys!,0
43,"00:06:29,939","00:06:32,909",War Boys!,0
44,"00:06:33,009","00:06:36,179",Kamakrazee War Boys!,0
44,"00:06:33,009","00:06:36,179",War Boys!,0
45,"00:06:36,279","00:06:39,982",Fucacima Kamakrazee War Boys!,0
46,"00:06:40,082","00:06:42,084",Hooked on!,0
47,"00:06:42,984","00:06:46,889",Today we're headin' to Gas Town!,0
47,"00:06:42,984","00:06:46,889",Gas Town!,0
48,"00:06:46,989","00:06:51,252",Today we're haulin' Aqua Cola.,0
48,"00:06:46,989","00:06:51,252",Aqua cola!,0
49,"00:06:51,552","00:06:54,797",Today we're haulin' produce!,0
49,"00:06:51,552","00:06:54,797",Produce!,0
50,"00:06:54,897","00:06:57,467",And today we're haulin' mother's milk!,0
51,"00:06:57,567","00:07:00,036",Mother's milk!,0
52,"00:07:48,083","00:07:52,221",Rev it up for the Immortan Joe!,0
53,"00:07:59,529","00:08:02,765","Once again, we send off my war rig",0
54,"00:08:02,865","00:08:06,168",to bring back guzzoline from Gas Town,0
55,"00:08:06,268","00:08:09,205",and bullets from The Bullet Farm.,0
56,"00:08:09,605","00:08:15,277","Once again, I salute my imperator, Furiosa!",0
57,"00:08:15,477","00:08:19,448",And I salute my half-life War Boys,0
58,"00:08:19,548","00:08:22,084",who will ride with me eternal,0
59,"00:08:22,184","00:08:26,105",on the highways of Valhalla.,0
60,"00:08:27,189","00:08:29,959",I am your redeemer!,0
61,"00:08:30,159","00:08:32,728",It is by my hand,0
62,"00:08:32,828","00:08:38,000",you will rise from the ashes of this world!,0
63,"00:08:45,507","00:08:47,843",It's comin'. Get ready.,0
64,"00:08:47,943","00:08:52,381",Yes. Yes. Yes. It's comin'.,0
65,"00:09:48,537","00:09:53,108","Do not, my friends, become addicted to water.",0
66,"00:09:53,208","00:09:58,980",It will take hold of you. And you will resent its absence.,0
67,"00:10:22,871","00:10:25,341",Get 'em all off!,0
68,"00:10:26,041","00:10:27,910",Get 'em all off!,0
69,"00:10:28,610","00:10:30,670",Clear off!,0
70,"00:10:39,121","00:10:42,182",Signal Gas Town. Convoy's on its way.,0
71,"00:11:08,717","00:11:11,687",I got a War Boy runnin' on empty.,0
72,"00:11:11,787","00:11:14,347",Hook up that full-life.,0
73,"00:11:17,727","00:11:20,429",Careful. That's a universal donor.,0
74,"00:12:17,318","00:12:19,979","Boss, we're not going to Gas Town?",0
75,"00:12:21,890","00:12:24,200",Bullet Farm?,0
76,"00:12:25,761","00:12:28,098",We're heading east.,0
77,"00:12:29,197","00:12:31,567",I'll pass it down the line.,0
78,"00:12:32,067","00:12:35,137",New orders! Thunder up! Thunder up!,0
79,"00:12:35,637","00:12:37,439",This is not a supply run!,0
80,"00:12:37,839","00:12:40,528",Go. Go. Go.,0
80,"00:12:37,839","00:12:40,528","Ace, what's going on?",0
81,"00:12:40,628","00:12:41,977",We're heading east.,0
81,"00:12:40,628","00:12:41,977",Why?,0
82,"00:12:42,077","00:12:44,638",I don't know. That's the order.,0
83,"00:13:02,164","00:13:03,065",Moo.,0
84,"00:13:03,165","00:13:06,659","Hey, pa. You know about this?",0
85,"00:13:06,759","00:13:09,963",Your produce ain't going to Gas Town.,0
86,"00:13:19,148","00:13:23,519",She's gone off-road... into hostile territory.,0
87,"00:13:25,419","00:13:27,800","Why would she do that, Dad?",0
88,"00:13:28,990","00:13:31,226",Let me see. Let me see. I wanna see!,0
88,"00:13:28,990","00:13:31,226",Rictus.,0
89,"00:13:31,326","00:13:35,422","Rictus, go see what's agitating Dad!",0
90,"00:14:02,624","00:14:05,160",Splendid!,0
91,"00:14:05,260","00:14:06,987",Angharad!,0
92,"00:14:16,504","00:14:17,706",Where are they?,0
93,"00:14:17,806","00:14:19,775",They are not your property.,0
94,"00:14:19,875","00:14:23,511",Miss Giddy?,0
94,"00:14:19,875","00:14:23,511",You cannot own a human being.,0
95,"00:14:23,611","00:14:25,981",Sooner or later someone pushes back!,0
96,"00:14:26,131","00:14:28,454",Where is she taking them?!,0
97,"00:14:28,554","00:14:31,345",She didn't take them. They begged her to go.,0
98,"00:14:32,854","00:14:36,458",Where is she taking them?,0
98,"00:14:32,854","00:14:36,458",A long way from you.,0
99,"00:15:02,550","00:15:04,744","Hey, what's happening?",0
100,"00:15:06,188","00:15:09,525",Slit. What's going on? Slit!,0
101,"00:15:09,625","00:15:12,494","Treason, betrayal, an imperator gone rogue.",0
102,"00:15:12,594","00:15:14,096",An imperator. Who?,0
103,"00:15:14,196","00:15:17,299",Furiosa. She took a lot of stuff from Immortan Joe.,0
104,"00:15:17,399","00:15:20,636",What stuff?,0
104,"00:15:17,399","00:15:20,636",Breeders. His prize breeders.,0
105,"00:15:20,736","00:15:23,363",He wants them back. Not a hand laid on 'em.,0
106,"00:15:30,345","00:15:33,540","By my deeds, I honor him. V-8.",0
107,"00:15:45,661","00:15:47,596",That's my wheel.,0
107,"00:15:45,661","00:15:47,596",I'm driving.,0
108,"00:15:47,696","00:15:50,399",You're my lancer.,0
108,"00:15:47,696","00:15:50,399",I just promoted myself.,0
109,"00:15:50,499","00:15:53,135",Not today. Today is my day.,0
109,"00:15:50,499","00:15:53,135",Look at you!,0
110,"00:15:53,235","00:15:55,204","If you can't stand up, you can't do war!",0
111,"00:15:55,304","00:15:58,873","He's right, son.",0
111,"00:15:55,304","00:15:58,873",I'm not staying here dying soft.,0
112,"00:15:58,973","00:16:01,151",You're already a corpse.,0
113,"00:16:01,251","00:16:03,912","I just need a top-up, some more juice.",0
113,"00:16:01,251","00:16:03,912",There's no time!,0
114,"00:16:04,012","00:16:07,516",We take my blood bag. We take my blood bag and strap him to the lancer's perch.,0
115,"00:16:07,616","00:16:09,691",It's got a muzzle on it. It's a raging feral.,0
116,"00:16:09,791","00:16:12,546",That's right. High-octane crazy blood fillin' me up.,0
117,"00:16:17,712","00:16:19,762",If I'm gonna die...,0
118,"00:16:20,162","00:16:21,997",I'm gonna die historic on the fury road.,0
119,"00:16:28,570","00:16:32,674",Yeah. Yeah. Organic.,0
119,"00:16:28,570","00:16:32,674",Yeah?,0
120,"00:16:32,774","00:16:35,292",Hitch up his blood bag.,0
120,"00:16:32,774","00:16:35,292",Right-o.,0
121,"00:16:43,118","00:16:44,119",Yeah!,0
122,"00:16:45,419","00:16:49,950",How much more can they take from me? They've got my blood. Now it's my car!,0
123,"00:17:27,728","00:17:29,535",Immortan!,0
124,"00:17:29,931","00:17:32,430",Immortan Joe!,0
125,"00:17:34,302","00:17:35,771",He looked at me!,0
126,"00:17:36,574","00:17:39,341",He looked right at me!,0
126,"00:17:36,574","00:17:39,341",He looked at your blood bag!,0
127,"00:17:39,441","00:17:41,844",He turned his head. He looked me straight in the eye.,0
128,"00:17:42,044","00:17:44,246",He was scanning the horizon.,0
129,"00:17:44,755","00:17:47,649",No. I am awaited.,0
130,"00:17:47,749","00:17:49,843",I am awaited in Valhalla!,0
131,"00:17:52,421","00:17:54,347",<i>Confucamus!</i>,0
132,"00:17:56,758","00:17:59,261",Immortan!,0
133,"00:17:59,361","00:18:01,354",Yeah!,0
134,"00:18:20,182","00:18:23,043",Hey! Heads up!,0
134,"00:18:20,182","00:18:23,043",Heads up!,0
135,"00:18:28,055","00:18:30,010",Boss!,0
136,"00:18:30,110","00:18:32,961",We got vehicles from The Citadel. They're firing flares.,0
137,"00:18:33,061","00:18:36,264",They want reinforcements from Gas Town and The Bullet Farm.,0
138,"00:18:36,364","00:18:38,634",What is this? Backup? Decoy?,0
139,"00:18:40,088","00:18:41,561",It's a detour.,0
140,"00:19:13,835","00:19:16,010",Eyes right.,0
141,"00:19:18,103","00:19:21,576",Buzzards! Buzzards right! Eyes on! Eyes on!,0
142,"00:19:21,676","00:19:23,612",Buzzards right! Eyes on!,0
143,"00:19:24,112","00:19:25,113",Yeah!,0
144,"00:19:26,513","00:19:30,118",Should we turn it 'round and run 'em into our backup?,0
145,"00:19:31,205","00:19:33,617",No. We're good.,0
146,"00:19:33,717","00:19:35,636",We fang it!,0
147,"00:19:38,426","00:19:41,245",Thunder up! Here we go!,0
148,"00:19:43,525","00:19:45,258",Prepare the gunners!,0
149,"00:20:14,362","00:20:16,637",Morsov!,0
150,"00:20:19,034","00:20:21,294","Come on, attack!",0
151,"00:20:32,880","00:20:34,934",War!,0
152,"00:20:42,390","00:20:43,650",Ready!,0
153,"00:21:27,769","00:21:30,272","She's ours, Slit! She's ours.",0
154,"00:21:30,372","00:21:33,174","First, we get the buzzards off her back!",0
155,"00:21:38,813","00:21:41,111",Form up!,0
156,"00:21:44,052","00:21:46,257",That's my head!,0
157,"00:22:20,322","00:22:22,749",Get up! You can do it!,0
158,"00:22:27,595","00:22:28,630",Morsov!,0
159,"00:22:30,171","00:22:32,470",Morsov!,0
159,"00:22:30,171","00:22:32,470",No!,0
160,"00:22:32,570","00:22:36,605",Witness me!,0
160,"00:22:32,570","00:22:36,605",Witness!,0
161,"00:22:46,714","00:22:48,296",Witness!,0
162,"00:22:49,884","00:22:54,274","Mediocre, Morsov! Mediocre!",0
163,"00:23:13,241","00:23:14,968",Ready!,0
164,"00:23:24,620","00:23:25,845",Get ready!,0
165,"00:23:27,822","00:23:29,736",Back me in!,0
166,"00:23:32,661","00:23:34,053",They're coming!,0
167,"00:23:51,831","00:23:55,008",We can't breathe down there!,0
167,"00:23:51,831","00:23:55,008",Stay out of sight!,0
168,"00:23:56,151","00:23:57,243",Now!,0
169,"00:24:09,197","00:24:10,532",Go back!,0
170,"00:24:12,834","00:24:14,845",Hydraulics! Hydraulics!,0
171,"00:24:36,724","00:24:38,693",Yeah.,0
172,"00:24:42,996","00:24:45,766",Now we bring home the Booty.,0
173,"00:25:11,559","00:25:13,528","She thinks she can lose us, Dad.",0
174,"00:25:13,828","00:25:18,391",She thinks we're stupid. She thinks she can lose us in there!,0
175,"00:25:37,151","00:25:39,888",Fang it! Fang it!,0
176,"00:25:46,226","00:25:48,015",Why can't you stop?,0
177,"00:25:48,515","00:25:50,966",Crew! Outta the way! Out of the way!,0
178,"00:25:51,066","00:25:53,760",What have you done? What have you done?!,0
179,"00:26:15,990","00:26:19,050",We need counterweight. Get the blood bag down the back.,0
180,"00:26:29,137","00:26:32,364",Hunt them down! Hunt them down!,0
181,"00:26:57,331","00:26:59,668","Hey, head... say bye-bye to the neck!",0
182,"00:26:59,768","00:27:02,328",<i>Decapito!</i>,0
182,"00:26:59,768","00:27:02,328","We're goin' in, Slit!",0
183,"00:28:04,566","00:28:07,160",Come on! We've almost got her!,0
184,"00:28:15,776","00:28:18,336",Come on! Hold it steady!,0
185,"00:28:45,605","00:28:48,134","Oh, what a day! What a lovely day!",0
186,"00:29:07,929","00:29:10,957",I am the man... who grabs the sun...,0
187,"00:29:13,768","00:29:17,117",riding to Valhalla!,0
188,"00:29:18,406","00:29:20,766","Witness me, blood bag!",0
189,"00:29:24,278","00:29:26,539",Witness!,0
190,"00:29:49,670","00:29:51,831","I live, I die, I live again!",0
191,"00:33:34,895","00:33:37,406",We're not going back.,0
192,"00:34:05,425","00:34:07,394",Water.,0
193,"00:35:02,248","00:35:04,267",You.,0
194,"00:35:18,099","00:35:23,295","Angharad, is that just the wind, or is it a furious vexation?",0
195,"00:36:52,760","00:36:54,119",I got it!,0
196,"00:37:35,369","00:37:38,339","Glory me, blood bag! We snagged her alive.",0
197,"00:37:38,439","00:37:41,108",He's gonna shred her. Shred her!,0
198,"00:37:41,208","00:37:42,977",Bolt cutters.,0
199,"00:37:43,077","00:37:44,937",Chain.,0
200,"00:37:45,880","00:37:47,005","Hey, hey!",0
201,"00:37:50,517","00:37:52,219","Oh, look at them.",0
202,"00:37:52,819","00:37:56,791","So shiny, so chrome. He's gonna be so grateful.",0
203,"00:37:57,891","00:38:00,261",We could ask for anything.,0
204,"00:38:00,361","00:38:02,063",I wanna drive the war rig.,0
205,"00:38:03,280","00:38:05,366",What are you gonna ask for?,0
205,"00:38:03,280","00:38:05,366",That's my jacket.,0
206,"00:38:06,166","00:38:08,167",Sure.,0
207,"00:38:08,267","00:38:09,770","I mean, you can ask for more than a jacket.",0
208,"00:38:09,870","00:38:11,205",We're going to the Green Place.,0
209,"00:38:11,305","00:38:13,065","Wait, it's you and me.",0
210,"00:38:26,787","00:38:29,756",We're going to the Green Place of Many Mothers.,0
211,"00:38:47,808","00:38:49,609",How does it feel?,0
212,"00:38:49,709","00:38:53,580",It hurts.,0
212,"00:38:49,709","00:38:53,580","Out here, everything hurts.",0
213,"00:38:54,880","00:38:56,308",You wanna get through this?,0
214,"00:39:00,185","00:39:02,406",Do as I say.,0
215,"00:39:06,126","00:39:08,887",Now pick up what you can and run.,0
216,"00:39:50,937","00:39:52,331",Kill switches.,0
217,"00:39:53,874","00:39:57,636",I set the sequence myself. This rig goes nowhere without me.,0
218,"00:40:01,681","00:40:03,284",You can get in.,0
219,"00:40:04,269","00:40:05,544",Not without them.,0
220,"00:40:14,061","00:40:16,530",So we wait.,0
221,"00:40:24,236","00:40:26,540",You're relying on the gratitude of a very bad man.,0
222,"00:40:26,840","00:40:29,701",You've already damaged one of his wives. How grateful do you think he's gonna be?,0
223,"00:40:36,950","00:40:40,020","You're sitting on 2,000 horsepower of nitro-boosted war machine.",0
224,"00:40:41,020","00:40:44,183",I'd say you've got about a five-minute head start.,0
225,"00:40:51,768","00:40:54,626",You want that thing off your face?,0
226,"00:41:06,080","00:41:07,039",Let's go.,0
227,"00:41:51,551","00:41:55,187","Of all the legs you had to shoot, that one was attached to his favorite.",0
228,"00:42:15,816","00:42:16,775",Smeg!,0
229,"00:42:37,103","00:42:38,939",You don't have to do it just because he tells you.,0
230,"00:42:39,039","00:42:41,708",What choice does she have?,0
230,"00:42:39,039","00:42:41,708",He's not gonna hurt us. He needs us.,0
231,"00:42:41,808","00:42:42,876",Why?,0
231,"00:42:41,808","00:42:42,876",To bargain.,0
232,"00:42:42,976","00:42:44,178","Oh, he'll hurt us, all right.",0
233,"00:42:44,278","00:42:45,867",Do you think he's coming to the Green Place?,0
234,"00:42:45,967","00:42:48,941",Never! He's a crazy smeg who eats <i>schlanger!</i>,0
235,"00:43:16,042","00:43:18,112",Stay out of there.,0
235,"00:43:16,042","00:43:18,112",Behind you.,0
236,"00:43:22,983","00:43:24,385",The Gas Town boys.,0
237,"00:43:26,219","00:43:28,347",Don't damage the goods.,0
238,"00:43:34,692","00:43:35,988",What do you see?,0
239,"00:43:38,265","00:43:40,334",Big Rigs.,0
240,"00:43:41,434","00:43:43,503",Polecats.,0
241,"00:43:43,603","00:43:45,639",Flamers.,0
242,"00:43:46,539","00:43:49,009",And there's the People Eater himself.,0
243,"00:43:50,278","00:43:52,212",Coming to count the cost.,0
244,"00:44:08,361","00:44:11,999",We're dragging something out back. I think it's the fuel pod.,0
245,"00:44:12,983","00:44:15,115","No, no.",0
246,"00:44:15,515","00:44:17,412",I'll go.,0
247,"00:45:40,387","00:45:42,947",Filth! You traited him!,0
248,"00:45:46,626","00:45:47,730",No unnecessary killing!,0
249,"00:45:47,830","00:45:50,542",This War Boy wants me dead!,0
249,"00:45:47,830","00:45:50,542",We agreed!,0
250,"00:45:50,642","00:45:52,332",He's Kamakrazee!,0
251,"00:45:52,932","00:45:54,835",He's just a kid at the end of his half-life.,0
252,"00:45:55,135","00:45:57,704","No! I live, I die, I live again!",0
253,"00:45:57,804","00:45:59,512",Hold him!,0
253,"00:45:57,804","00:45:59,512",Tie him up!,0
254,"00:45:59,612","00:46:01,123",Throw him out!,0
255,"00:46:01,223","00:46:03,092",Chuck him out.,0
256,"00:46:03,192","00:46:04,978",You got more friends.,0
257,"00:46:07,313","00:46:10,560",Bullet Farmer. They're coming from The Bullet Farm.,0
258,"00:46:10,660","00:46:12,147",Yeah?,0
259,"00:46:12,247","00:46:14,622",It's over. You can't defy him.,0
260,"00:46:14,722","00:46:16,790","Watch us, mate.",0
260,"00:46:14,722","00:46:16,790",He is the one who grabbed the sun.,0
261,"00:46:16,890","00:46:18,725","Look at how slick he's fooled you, War Boy!",0
262,"00:46:18,825","00:46:21,795",He's a lying old man.,0
262,"00:46:18,825","00:46:21,795","By his hand, we'll be lifted up!",0
263,"00:46:21,895","00:46:24,398",That's why we have his logo seared on our backs!,0
264,"00:46:24,498","00:46:26,200","""Breeding stock!"" ""Battle fodder!""",0
265,"00:46:26,300","00:46:29,403","No, I am awaited!",0
265,"00:46:26,300","00:46:29,403",You're an old man's battle fodder!,0
266,"00:46:29,503","00:46:32,072",Killing everyone and everything!,0
266,"00:46:29,503","00:46:32,072",We're not to blame!,0
267,"00:46:32,172","00:46:34,241",Then who killed the world?,0
268,"00:47:01,933","00:47:04,576",I made a deal up ahead. Safe passage.,0
269,"00:47:04,676","00:47:06,907",I don't know if it's still any good.,0
270,"00:47:07,307","00:47:10,936",Get back in the hold! Keep the hatch open.,0
271,"00:47:17,384","00:47:19,490",I need you here.,0
272,"00:47:20,653","00:47:22,022",You may have to drive the rig.,0
273,"00:47:27,922","00:47:29,601",You.,0
274,"00:47:29,796","00:47:31,611",You stay.,0
275,"00:47:31,711","00:47:33,892",You stay there.,0
276,"00:47:36,803","00:47:39,072","Whatever you do, you can't be seen.",0
277,"00:47:39,372","00:47:42,934",I'm supposed to be alone. That was the deal.,0
278,"00:47:49,416","00:47:51,475",Down here.,0
279,"00:48:11,573","00:48:13,538",Hey.,0
280,"00:48:13,638","00:48:15,783",What's your name?,0
281,"00:48:16,783","00:48:19,047",What do I call you?,0
282,"00:48:19,147","00:48:21,480",Does it matter?,0
283,"00:48:22,649","00:48:24,203",Fine.,0
284,"00:48:24,303","00:48:27,712","When I yell ""fool,"" you drive out of here as fast as you can.",0
285,"00:48:29,556","00:48:32,548",This is the sequence... one.,0
286,"00:48:32,648","00:48:35,162","One, two. One.",0
287,"00:48:35,262","00:48:37,698","Red, black, go.",0
288,"00:48:38,498","00:48:40,636",You have it?,0
289,"00:50:05,218","00:50:06,920",It's all here!,0
290,"00:50:07,914","00:50:10,915","Three thousand gallons of guzzoline, just like you asked!",0
291,"00:50:14,894","00:50:16,596",I'm gonna unhitch the pod.,0
292,"00:50:18,660","00:50:21,382",You drop the rocks.,0
293,"00:50:28,708","00:50:33,613","You said, ""a few vehicles in pursuit. Maybe.""",0
294,"00:50:33,713","00:50:36,483",We count three war parties!,0
295,"00:50:37,083","00:50:40,578","Yeah, well, I got unlucky. Let's do this!",0
296,"00:51:07,145","00:51:08,315",Fool!,0
297,"00:51:49,289","00:51:51,824",That's our fuel!,0
298,"00:52:05,338","00:52:08,108",Make way for the ripsaw!,0
299,"00:52:22,621","00:52:26,427","Once I'm over, clear the rocks and bring everyone through.",0
300,"00:52:26,527","00:52:29,763",Immortan! Immortan Joe!,0
301,"00:52:29,863","00:52:33,557",I got a War Boy! Says he was on the war rig!,0
302,"00:52:35,617","00:52:38,558",You! Climb aboard!,0
303,"00:52:39,639","00:52:40,907",Hey! Hey!,0
304,"00:52:42,007","00:52:45,913",I got his boot! I got the blood bag's boot!,0
305,"00:52:46,013","00:52:49,783",Take me! I got his boot!,0
306,"00:52:51,356","00:52:53,753",All this for a family squabble.,0
307,"00:52:54,653","00:52:56,856",Healthy babies.,0
308,"00:55:04,216","00:55:06,194",Reload the clip.,0
309,"00:55:06,294","00:55:08,722",I can't.,1
310,"00:55:14,560","00:55:15,863",Gun!,0
311,"00:55:16,713","00:55:18,331",Give the gun!,0
311,"00:55:16,713","00:55:18,331",It's not loaded yet!,0
312,"00:55:18,431","00:55:20,925",You! We had a deal!,0
312,"00:55:18,431","00:55:20,925",Now!,0
313,"00:56:09,348","00:56:10,650",Rictus!,0
314,"00:56:11,050","00:56:13,611",The wives! No more flames.,0
315,"00:56:20,142","00:56:21,594",Splendid!,0
316,"00:56:22,094","00:56:26,924",Splendid! That's my child! My property!,0
317,"00:56:29,019","00:56:31,192",Immorta...,0
318,"00:56:39,685","00:56:43,516","Immortan, if I get on the rig, there's a way inside.",0
319,"00:56:43,616","00:56:46,118",What is your name?,0
319,"00:56:43,616","00:56:46,118",It's Nux.,0
320,"00:56:46,218","00:56:48,354",I'll pike her in the spine. Keep her breathing for ya.,0
321,"00:56:48,554","00:56:49,656",No.,0
322,"00:56:49,856","00:56:54,427","Put a bullet in her skull, stop the rig, return my treasures to me,",0
323,"00:56:54,727","00:57:00,533",and I myself will carry you to the gates of Valhalla.,0
324,"00:57:00,933","00:57:02,869",Am I awaited?,0
325,"00:57:02,969","00:57:07,607",You will ride eternal... shiny and chrome.,0
326,"00:57:08,507","00:57:10,276",Rictus!,0
327,"00:57:10,376","00:57:12,345",Help him aboard!,0
328,"00:57:13,650","00:57:15,302",Ready?,0
329,"00:57:15,402","00:57:17,579",Here we go!,0
330,"00:57:28,493","00:57:30,655",Mediocre!,0
331,"00:58:00,126","00:58:01,918",<i>Schlanger!</i>,0
332,"00:58:21,547","00:58:22,740",Look out!,0
333,"00:58:25,818","00:58:29,280",Angharad! Get out!,0
334,"00:58:50,009","00:58:51,936",No!,0
334,"00:58:50,009","00:58:51,936",Angharad!,0
335,"00:59:06,592","00:59:09,053",Stop! Turn the rig around!,0
336,"00:59:09,929","00:59:12,053",Go back for her!,0
337,"00:59:12,833","00:59:15,634",No.,0
337,"00:59:12,833","00:59:15,634",Tell him to turn the rig around!,0
338,"00:59:15,734","00:59:19,305",Did you see it?,0
338,"00:59:15,734","00:59:19,305",She went under the wheels.,0
339,"00:59:19,405","00:59:21,741",Did you see it?,0
340,"00:59:22,441","00:59:24,143",She went under the wheels.,0
341,"00:59:25,544","00:59:27,400",We keep moving.,0
341,"00:59:25,544","00:59:27,400",No!,0
342,"00:59:27,500","00:59:30,956",We keep moving!,0
342,"00:59:27,500","00:59:30,956",He doesn't know what he's talking about!,0
343,"00:59:31,056","00:59:33,028","Whatever happens, we're going to the Green Place.",0
344,"00:59:33,128","00:59:35,521",The stupid Green Place. We don't even know where to find it.,0
345,"00:59:48,342","00:59:51,371",You all right?,0
345,"00:59:48,342","00:59:51,371",On! On!,0
346,"01:00:28,808","01:00:29,809",Cheedo!,0
347,"01:00:30,509","01:00:31,844","Cheedo, don't be stupid.",0
348,"01:00:32,044","01:00:34,680",Stop!,0
348,"01:00:32,044","01:00:34,680",He'll forgive us. I know he will.,0
349,"01:00:34,780","01:00:37,717",There is no going back!,0
349,"01:00:34,780","01:00:37,717",We were his treasures!,0
350,"01:00:37,817","01:00:39,552",Cheedo!,0
350,"01:00:37,817","01:00:39,552",We were protected.,0
351,"01:00:39,652","01:00:40,854",He gave us the high life.,0
352,"01:00:40,954","01:00:43,089",What's wrong with that?,0
352,"01:00:40,954","01:00:43,089",We are not things.,0
353,"01:00:44,257","01:00:46,161",No!,0
354,"01:00:46,661","01:00:49,362","Cheedo, we are not things!",0
354,"01:00:46,661","01:00:49,362",We are not things.,0
355,"01:00:49,462","01:00:52,231",I don't want to hear that again!,0
355,"01:00:49,462","01:00:52,231",They were her words!,0
356,"01:00:52,331","01:00:54,667",And now she's dead!,0
357,"01:00:54,967","01:00:56,193",Wring your hands.,0
358,"01:00:58,337","01:01:01,374",You're not going back to him.,0
358,"01:00:58,337","01:01:01,374",Angharad!,0
359,"01:01:01,474","01:01:03,900",Come on! Come on!,0
360,"01:01:20,636","01:01:22,863",So...,0
361,"01:01:23,529","01:01:25,899",Where is this...,0
362,"01:01:26,499","01:01:28,701",This Green Place?,0
363,"01:01:29,301","01:01:31,304","It's a long night's run, heading east.",0
364,"01:01:33,869","01:01:38,301",We need inventory. I want you to match every gun with its bullets.,0
365,"01:01:41,681","01:01:43,282",I'm gonna go down and do some repairs.,0
366,"01:01:43,482","01:01:45,885",We need someone down the back.,0
366,"01:01:43,482","01:01:45,885",I'll go.,0
367,"01:01:46,285","01:01:49,422",No. I want you to stay together.,0
368,"01:01:49,522","01:01:51,115",I can do it.,0
369,"01:02:23,922","01:02:26,324",What are you doing here?,0
370,"01:02:26,424","01:02:30,662",He saw it. He saw it all.,0
371,"01:02:31,232","01:02:35,124",My own blood bag drivin' the rig that killed her.,0
372,"01:02:41,574","01:02:43,834",Stop doing that.,0
373,"01:02:46,312","01:02:47,238",Stop.,0
374,"01:02:57,390","01:03:00,226",Thr... three times the gates were open to me.,0
375,"01:03:00,726","01:03:02,237",What gates?,0
376,"01:03:02,337","01:03:06,597",I was awaited in Valhalla. They were calling my name.,0
377,"01:03:06,697","01:03:10,361","I should be walking with the immorta, mcfeasting with the heroes of all time.",0
378,"01:03:13,839","01:03:17,376",I'd say it was your manifest destiny not to.,0
379,"01:03:18,776","01:03:21,514",I thought I was being spared for something great.,0
380,"01:03:21,614","01:03:25,884",I got to drive a pursuit vehicle.,0
381,"01:03:25,984","01:03:29,222",For a while even Larry and Barry stopped chewing on my windpipe.,0
382,"01:03:29,322","01:03:31,057",Who are Larry and Barry?,0
383,"01:03:31,957","01:03:35,394",My mates. Larry and Barry.,0
384,"01:03:36,994","01:03:40,624","If they don't get me, then the night fevers will.",0
385,"01:04:04,274","01:04:09,327","Well, we've only got four for big boy here, so he's all but useless.",0
386,"01:04:09,427","01:04:15,868",But we can squirt off this little pinky a raunchy 29 times.,0
387,"01:04:17,276","01:04:19,272",Angharad used to call them antiseed.,0
388,"01:04:20,369","01:04:23,671",Plant one and watch something die.,0
389,"01:05:57,794","01:06:00,906","We are down 30,000 units of guzzoline,",0
390,"01:06:01,006","01:06:04,843","19 canisters of nitro, 12 assault bikes,",0
391,"01:06:04,943","01:06:07,913",7 pursuit vehicles. The deficit mounts.,0
392,"01:06:08,013","01:06:12,485","And now, sir, you have us stuck in a quagmire.",0
393,"01:06:13,085","01:06:14,420","Hey, Joe!",0
394,"01:06:15,120","01:06:16,489",Boss!,0
395,"01:06:18,346","01:06:21,017",Your girly's breathing her last!,0
396,"01:06:21,117","01:06:23,639",What about the child?,0
397,"01:06:32,270","01:06:35,707","Are ya comin', brother?",0
397,"01:06:32,270","01:06:35,707",Wait!,0
398,"01:06:36,141","01:06:41,371",It's gone awful quiet in there.,0
398,"01:06:36,141","01:06:41,371",Get it out. Get it out!,0
399,"01:06:43,516","01:06:45,684",Come on! I've been called to the torture!,0
400,"01:06:46,708","01:06:48,963",Patience!,0
401,"01:06:49,442","01:06:51,757","Oh, you stay here with your grief, Daddy.",0
402,"01:06:52,057","01:06:56,819",I'll fetch 'em for ya.,0
402,"01:06:52,057","01:06:56,819",Be careful! Protect the assets!,0
403,"01:06:57,863","01:07:00,533",Just one angry shot...,0
404,"01:07:00,633","01:07:02,505",for Furiosa.,0
405,"01:07:02,605","01:07:04,813",Hut!,0
406,"01:07:11,106","01:07:13,579",Cryin' shame.,0
407,"01:07:13,979","01:07:15,799",Come.,0
408,"01:07:16,199","01:07:17,808",Nother month...,0
409,"01:07:17,908","01:07:19,919",Could've been your viable human.,0
410,"01:07:20,019","01:07:23,080",Was it a male?,0
410,"01:07:20,019","01:07:23,080",Your a-one Alpha prime.,0
411,"01:07:26,270","01:07:28,529","Hey, Rictus!",0
412,"01:07:28,929","01:07:31,493",You lost a baby brother.,0
413,"01:07:33,198","01:07:35,991",Perfect in every way.,0
414,"01:07:37,702","01:07:41,807",I had a baby brother! I had a little baby brother!,0
415,"01:07:41,907","01:07:46,702",And he was perfect! Perfect in every way!,0
416,"01:08:16,542","01:08:17,654",Come on.,0
417,"01:08:27,119","01:08:30,231","Wouldn't wanna shoot the wives, sir.",0
417,"01:08:27,119","01:08:30,231",Just probing.,0
418,"01:08:41,600","01:08:44,036",He wants to help!,0
418,"01:08:41,600","01:08:44,036",Who?!,0
419,"01:08:44,436","01:08:46,874",The War Boy!,0
419,"01:08:44,436","01:08:46,874",Where did he come from?!,0
420,"01:08:46,974","01:08:49,933",I thought we threw him off the rig!,0
421,"01:08:53,512","01:08:55,581",There's high ground just beyond that thing.,0
422,"01:08:55,681","01:08:59,418",He means the tree.,0
422,"01:08:55,681","01:08:59,418",Yeah. Tree!,0
423,"01:09:00,218","01:09:02,721",Leave him to me.,0
423,"01:09:00,218","01:09:02,721","Say, anyone notice that bright light?",0
424,"01:09:02,821","01:09:05,190",Encroaching gunfire?,0
425,"01:09:05,290","01:09:07,226",Get out.,1
425,"01:09:05,290","01:09:07,226",I can do this. I know this machine.,0
426,"01:09:07,326","01:09:09,000",He does. He's a revhead.,0
427,"01:09:14,633","01:09:17,244",You've got two left.,0
428,"01:09:22,140","01:09:24,099",On him.,0
429,"01:09:40,892","01:09:42,919",Don't breathe.,0
430,"01:09:46,598","01:09:49,768",Hey! Hey! Hey! War Boy!,0
431,"01:09:49,868","01:09:52,571",I'm gonna use the winch 'round the tree thing!,0
432,"01:09:53,577","01:09:56,709",Take this. Let's get the engine plates.,0
433,"01:09:57,909","01:09:58,877",You drive the rig!,0
434,"01:09:59,177","01:10:01,679",Hold up a flare.,0
434,"01:09:59,177","01:10:01,679",I am holding a flare!,0
435,"01:10:01,779","01:10:05,017",Closer.,0
435,"01:10:01,779","01:10:05,017",It's right in front of your eyes!,0
436,"01:10:16,395","01:10:19,321",Hut! Hut!,0
437,"01:10:24,536","01:10:26,476",Blood bag!,0
438,"01:10:32,111","01:10:34,813",I am the scales of justice!,0
439,"01:10:34,913","01:10:39,141",Conductor of the choir of death!,0
440,"01:10:41,887","01:10:44,697","Sing, brother koch!",0
441,"01:10:46,445","01:10:49,995","Sing, brothers, sing! Sing!",0
442,"01:10:51,195","01:10:53,664",Don't they know they're shooting at us?,0
443,"01:11:07,146","01:11:09,475",Gun fever!,0
444,"01:12:18,883","01:12:20,953",I never thought I'd do something as shine as that.,0
445,"01:12:21,553","01:12:23,688",How are the engines?,0
446,"01:12:23,788","01:12:26,348",Very hot and real thirsty.,0
447,"01:12:29,994","01:12:35,133",Hey. You need to take the war rig half a click down the track.,0
448,"01:12:35,233","01:12:38,828",What if you're not back by the time the engines have cooled?,0
449,"01:12:40,338","01:12:43,132","Well, you keep moving.",0
450,"01:12:51,383","01:12:53,251",What do you suppose he's gonna do?,0
451,"01:12:54,385","01:12:56,954",Retaliate first.,0
452,"01:12:59,357","01:13:01,450",Let's go!,0
453,"01:14:20,405","01:14:22,840",Are you hurt?,0
454,"01:14:23,275","01:14:26,512",You're bleeding.,0
454,"01:14:23,275","01:14:26,512",That's not his blood.,0
455,"01:14:28,413","01:14:30,382",What is this?,0
456,"01:14:30,682","01:14:33,225",It's mother's milk.,0
457,"01:15:14,391","01:15:16,695",It's okay. Sleep.,0
458,"01:15:17,951","01:15:20,189",Get some rest.,0
459,"01:15:29,907","01:15:33,069",How do you know this place even exists?,0
460,"01:15:35,147","01:15:36,606",I was born there.,0
461,"01:15:38,983","01:15:40,452",So why'd you leave?,0
462,"01:15:40,552","01:15:43,154",I didn't.,0
463,"01:15:43,254","01:15:45,081",I was taken as a child.,0
464,"01:15:46,925","01:15:48,399",Stolen.,0
465,"01:15:54,165","01:15:57,676",You done this before?,0
465,"01:15:54,165","01:15:57,676",Many times.,0
466,"01:15:58,869","01:16:02,140",Now that I drive a war rig...,0
467,"01:16:02,740","01:16:04,741",this is the best shot I'll ever have.,0
468,"01:16:05,976","01:16:07,079",And them?,0
469,"01:16:08,985","01:16:11,649",They're looking for hope.,0
470,"01:16:11,749","01:16:14,376",What about you?,0
471,"01:16:18,523","01:16:20,616",Redemption.,0
472,"01:17:03,334","01:17:06,762","Hey, what's that?",0
473,"01:17:18,349","01:17:21,578",I remember something like that.,0
474,"01:17:32,531","01:17:35,192",Help me!,0
475,"01:17:37,235","01:17:40,005",Help me!,0
476,"01:17:42,506","01:17:45,175","Help me, please!",0
477,"01:17:46,043","01:17:48,224",That's bait.,0
478,"01:17:48,580","01:17:49,811",Stay in the rig.,0
479,"01:17:55,186","01:17:58,934","Hurry! Please, hurry! They'll be back!",0
480,"01:17:59,591","01:18:02,627",I am one of the Vuvalini!,0
481,"01:18:02,727","01:18:05,397",Of the Many Mothers!,0
482,"01:18:06,197","01:18:09,801",My initiate mother was K.T. Concannon!,0
483,"01:18:10,501","01:18:13,063",I am the daughter of Mary Jabassa.,0
484,"01:18:14,305","01:18:18,194",My clan was Swaddle Dog!,0
485,"01:19:04,454","01:19:05,634",It's me.,0
486,"01:19:13,898","01:19:15,933",There's something in the eyes.,0
487,"01:19:16,033","01:19:18,468",Perhaps it is Jabassa's child.,0
488,"01:19:23,441","01:19:26,134",This is our Furiosa.,0
489,"01:19:27,712","01:19:28,901",How long has it been?,0
490,"01:19:30,746","01:19:35,487","7,000 days. Plus the ones I don't remember.",0
491,"01:19:36,221","01:19:38,390",Furiosa.,0
492,"01:19:38,656","01:19:41,686",What happened to your mother?,0
493,"01:19:41,786","01:19:43,628",She died.,0
494,"01:19:44,028","01:19:46,355",On the third day.,0
495,"01:19:52,637","01:19:56,507",From where did you come?,0
495,"01:19:52,637","01:19:56,507",The west. Citadel.,0
496,"01:19:56,607","01:19:58,901",Beyond the mountains.,0
497,"01:20:02,279","01:20:04,582",The men... who are they?,0
498,"01:20:04,682","01:20:08,644",They're reliable. They helped us get here.,0
499,"01:20:19,965","01:20:23,028",Where did you find such creatures?,0
500,"01:20:24,669","01:20:26,638",So soft.,0
501,"01:20:26,738","01:20:29,600",This one has all her teeth.,0
502,"01:20:37,247","01:20:39,884",I can't wait for them to see it.,0
503,"01:20:39,984","01:20:41,953",See?,0
504,"01:20:42,053","01:20:45,781",See what?,0
504,"01:20:42,053","01:20:45,781",Home.,0
505,"01:20:49,060","01:20:50,729",The Green Place.,0
506,"01:20:50,829","01:20:56,381","But if you came from the west, you passed it.",0
507,"01:20:56,781","01:21:01,603",The crows. The creepy place with all the crows.,0
508,"01:21:02,203","01:21:03,675",The soil.,0
508,"01:21:02,203","01:21:03,675",We had to get out.,0
509,"01:21:03,775","01:21:05,544",We had no water and...,0
509,"01:21:03,775","01:21:05,544",The water was filth.,0
510,"01:21:05,644","01:21:09,180",It was poisoned. It was sour.,0
510,"01:21:05,644","01:21:09,180",And the crows came.,0
511,"01:21:09,280","01:21:11,216",We couldn't grow anything.,0
512,"01:21:11,316","01:21:13,885",Where are the others?,0
512,"01:21:11,316","01:21:13,885",What others?,0
513,"01:21:13,985","01:21:17,447",The Many Mothers.,0
513,"01:21:13,985","01:21:17,447",We're the only ones left.,0
514,"01:22:17,915","01:22:19,805",Look.,0
515,"01:22:21,718","01:22:24,688",That's what you call a satellite.,0
516,"01:22:24,788","01:22:26,958",Miss Giddy told us about those.,0
517,"01:22:27,558","01:22:30,996",They used to bounce messages across the earth.,0
518,"01:22:31,096","01:22:35,211",Shows. Everyone in the old world had a show.,0
519,"01:22:37,600","01:22:40,538",Do you think there's still somebody out there?,0
520,"01:22:41,138","01:22:45,409",Sending shows?,0
520,"01:22:41,138","01:22:45,409",Who knows.,0
521,"01:22:45,509","01:22:48,546",Those are the plains of silence.,0
522,"01:22:50,446","01:22:54,986","Stay right where you are, little Joe. Kind of lost its novelty out here.",0
523,"01:22:55,086","01:22:56,888",You having a baby?,0
524,"01:22:57,788","01:23:00,495",Warlord Jr. Gonna be so ugly.,0
525,"01:23:01,292","01:23:03,860",It could be a girl.,0
526,"01:23:04,760","01:23:08,799","You kill people with that, do ya?",0
526,"01:23:04,760","01:23:08,799",Killed everyone I ever met out here.,0
527,"01:23:08,899","01:23:11,469","Headshots, all of 'em. Snap. Right in the medulla.",0
528,"01:23:11,569","01:23:14,629",Thought somehow you girls were above all that.,0
529,"01:23:18,008","01:23:19,968",Come here.,0
530,"01:23:27,117","01:23:28,752",Take a peek.,0
531,"01:23:28,852","01:23:30,889",Seeds.,0
532,"01:23:31,089","01:23:34,926",These are from home. Heirlooms. The real thing.,0
533,"01:23:35,626","01:23:38,630",I plant one every chance I get.,0
533,"01:23:35,626","01:23:38,630",Where?,0
534,"01:23:39,130","01:23:42,533","So far, nothing's took. Earth's too sour.",0
535,"01:23:42,633","01:23:47,371",So many different kinds.,0
535,"01:23:42,633","01:23:47,371","Trees, flowers, fruit.",0
536,"01:23:47,471","01:23:49,441","Back then, everyone had their fill.",0
537,"01:23:50,341","01:23:53,735","Back then, there was no need to snap anybody.",0
538,"01:24:08,325","01:24:10,618",Can I talk to you?,0
539,"01:24:29,247","01:24:32,007",I've talked with the others.,0
540,"01:24:37,888","01:24:42,121",We're never gonna have a better chance to make it across the salt.,0
541,"01:24:43,027","01:24:47,478","If we leave the rig here and load the motorcycles up with as much as we can,",0
542,"01:24:47,578","01:24:50,934",we can maybe ride for 160 days.,0
543,"01:24:52,733","01:24:55,773",One of those bikes is yours.,0
544,"01:24:55,873","01:24:58,410",Fully loaded.,0
545,"01:25:00,210","01:25:03,084",You're more than welcome to come with us.,0
546,"01:25:06,617","01:25:09,463",I'll... I'll make my own way.,0
547,"01:25:15,059","01:25:18,270","You know, hope is a mistake.",0
548,"01:25:24,068","01:25:27,529","If you can't fix what's broken, you'll...",0
549,"01:25:29,307","01:25:31,766",you'll go insane.,0
550,"01:25:46,957","01:25:49,984","<i>Where are you, Max?</i>",0
551,"01:25:50,828","01:25:53,324",<i>Where are you?</i>,0
552,"01:25:53,424","01:25:56,292",<i>Help us.</i>,0
552,"01:25:53,424","01:25:56,292",<i>You promised to help us.</i>,0
553,"01:26:06,210","01:26:09,451","<i>Come on, pa. Let's go.</i>",0
554,"01:26:40,377","01:26:42,422",All right.,0
555,"01:26:42,680","01:26:45,716",This is your way home.,0
556,"01:26:48,452","01:26:50,620",We go back?,0
557,"01:26:51,722","01:26:53,724",Back?,0
557,"01:26:51,722","01:26:53,724",Yeah.,0
558,"01:26:53,824","01:26:57,094",I thought you weren't insane anymore.,0
558,"01:26:53,824","01:26:57,094",What are they saying?,0
559,"01:26:57,194","01:26:59,597",He wants to go back from where they came.,0
560,"01:26:59,697","01:27:01,832",The Citadel.,0
561,"01:27:01,932","01:27:03,878",And what's there to find at The Citadel?,0
562,"01:27:03,978","01:27:06,671",Green.,0
562,"01:27:03,978","01:27:06,671",And water.,0
563,"01:27:08,071","01:27:11,843",There's a ridiculous amount of clear water. And a lot of crops.,0
564,"01:27:11,943","01:27:14,512","It's got everything you need, as long as you're not afraid of heights.",0
565,"01:27:14,612","01:27:17,349",Where does the water come from?,0
565,"01:27:14,612","01:27:17,349",He pumps it up from deep in the earth.,0
566,"01:27:17,449","01:27:19,784",Calls it Aqua Cola and claims it all for himself.,0
567,"01:27:20,184","01:27:22,320","And because he owns it, he owns all of us.",0
568,"01:27:22,420","01:27:23,955",I don't like him already.,0
569,"01:27:24,055","01:27:26,524",It'll take two weeks to skirt the wall of mountains.,0
570,"01:27:26,624","01:27:31,579",No. I suggest we go back the same way we came.,0
571,"01:27:32,096","01:27:34,598",Through the canyon.,0
572,"01:27:34,698","01:27:38,369",It's open. We know that. Right? He brought all his war parties through.,0
573,"01:27:39,069","01:27:42,540",So we take the war rig and we charge it right through the middle of them.,0
574,"01:27:42,640","01:27:45,576",We can decouple the tanker at the pass.,0
575,"01:27:45,676","01:27:48,379",Shut it off behind us.,0
575,"01:27:45,676","01:27:48,379",Kaboom!,0
576,"01:27:51,314","01:27:56,054",And how exactly do we take The Citadel? Assuming we're still alive by then?,0
577,"01:27:56,554","01:27:58,990","If we can block the pass, it'll be easy.",0
578,"01:27:59,290","01:28:02,894",All that's left are his war pups and War Boys too sick to fight.,0
579,"01:28:03,794","01:28:07,304",And we'll be with Nux. He's a War Boy.,0
580,"01:28:07,404","01:28:10,092","He'll be bringing us home, bringing back what's stolen, as he's meant to.",0
581,"01:28:13,737","01:28:15,706",Yeah.,0
582,"01:28:15,806","01:28:17,833",It feels like hope.,0
583,"01:28:18,642","01:28:22,346",I like this plan. We can start again.,0
584,"01:28:22,446","01:28:25,212",Just like the old days.,0
585,"01:28:25,683","01:28:29,487","Look, it'll be a hard day.",0
586,"01:28:29,787","01:28:32,690","But I guarantee you that 160 days ridin' that way,",0
587,"01:28:35,290","01:28:37,101",there's nothin' but salt.,0
588,"01:28:39,794","01:28:43,501","At least that way, you know, we might be able to...",0
589,"01:28:44,101","01:28:46,137",together...,0
590,"01:28:46,937","01:28:48,798",Come across some kind of redemption.,0
591,"01:29:19,598","01:29:23,152",War rig! That's the war rig!,0
592,"01:29:33,084","01:29:35,887",That's them.,0
592,"01:29:33,084","01:29:35,887",Why are they going back?,0
593,"01:29:36,287","01:29:38,804",Do they wish to surrender?,0
594,"01:29:38,904","01:29:41,949",They are heading for the canyon.,0
595,"01:29:42,093","01:29:45,229",They're going back to The Citadel!,0
596,"01:29:45,329","01:29:48,866",They know it's undefended!,0
596,"01:29:45,329","01:29:48,866",Bullocks!,0
597,"01:30:01,078","01:30:02,338",Go!,0
598,"01:30:24,768","01:30:26,470",What are you doing?,0
598,"01:30:24,768","01:30:26,470",Praying.,0
599,"01:30:26,570","01:30:29,698",To who?,0
599,"01:30:26,570","01:30:29,698",Anyone that's listening.,0
600,"01:30:53,597","01:30:56,262","Here we go, girls!",0
601,"01:30:57,101","01:30:58,928",That's mine!,0
602,"01:31:02,840","01:31:05,568","He'll try to get in front of us, spike our wheels.",0
603,"01:31:12,116","01:31:13,784",Don't blow my engine.,0
604,"01:31:13,884","01:31:16,678",I'm gonna nudge him. Just a little.,0
605,"01:31:29,032","01:31:31,894",You filth! You traitored him!,0
606,"01:31:55,861","01:31:57,721",Go.,0
607,"01:32:23,217","01:32:27,491",Got to back off. Engine one is gone. Two's about to blow.,0
608,"01:32:27,591","01:32:29,192",Right.,0
609,"01:32:29,292","01:32:30,995",Are you a black thumb?,0
610,"01:32:31,095","01:32:34,265","All right. Engine one now. You and me, fifth wheel.",0
611,"01:32:34,965","01:32:37,460",We'll unhook the tanker.,0
612,"01:32:48,712","01:32:51,398","One man, one bullet.",0
613,"01:33:07,364","01:33:09,066",I cannot see.,0
613,"01:33:07,364","01:33:09,066",Maadi! Maadi!,0
614,"01:33:09,166","01:33:11,459",I cannot see.,0
615,"01:33:49,940","01:33:54,669",Hey! Harpoons and plows! They're hauling us back!,0
616,"01:34:05,522","01:34:08,450",Leave three bolts. Three.,0
617,"01:35:25,936","01:35:27,971","Hey, you!",0
618,"01:35:42,919","01:35:45,288",Are you okay?,0
619,"01:35:47,090","01:35:49,651",I think she's hurt.,0
620,"01:36:12,482","01:36:13,553",Hey!,0
621,"01:36:39,443","01:36:41,136",No!,0
622,"01:36:50,294","01:36:53,290",<i>Hey. Stay with me.</i>,0
623,"01:36:53,390","01:36:55,159",<i>Stay with me.</i>,0
623,"01:36:53,390","01:36:55,159",Stay with me.,0
624,"01:36:55,259","01:36:56,818",Hey. Are you there?,0
625,"01:36:58,029","01:37:00,689",You finish that! I'll finish her!,0
626,"01:38:30,487","01:38:32,380",Valhalla!,0
627,"01:38:43,700","01:38:44,835",Oi!,0
628,"01:39:12,562","01:39:16,123",Engine one's good. For now.,0
629,"01:40:03,497","01:40:06,355",She's hurt! She's hurt real bad!,0
630,"01:41:36,639","01:41:39,943",You hear that? We're gonna see two airborne V-8s.,0
631,"01:41:41,443","01:41:44,080",I'm gonna need you to drive.,0
632,"01:41:45,315","01:41:47,528",I'll get him out of our way.,0
633,"01:42:54,151","01:42:56,401",Rictus!,0
634,"01:42:56,501","01:42:58,678",Take me!,0
635,"01:43:10,867","01:43:13,795",Cheedo! What are you doing?,0
636,"01:43:18,041","01:43:19,533",No!,0
637,"01:43:23,747","01:43:25,762",Big boy!,0
638,"01:43:31,371","01:43:33,281",Here! Here!,0
639,"01:44:25,175","01:44:26,619",No!,0
640,"01:44:27,177","01:44:29,037",Remember me?,0
641,"01:44:49,788","01:44:52,727",He's dead! He's dead.,0
642,"01:45:11,621","01:45:15,325","When you're across safe, I'll jam the throttle and follow you.",0
643,"01:45:15,425","01:45:16,445",Come on!,0
644,"01:45:17,658","01:45:21,276",Hurry! We're nearly at the pass.,0
645,"01:46:07,777","01:46:10,371",Witness me.,0
646,"01:46:15,810","01:46:18,308",Rictus!,0
647,"01:47:12,475","01:47:16,712",Why is she making that noise?,0
647,"01:47:12,475","01:47:16,712",She's pumping air into her chest cavity.,0
648,"01:47:16,812","01:47:20,842",She's collapsing her lungs one breath at a time.,0
649,"01:47:26,322","01:47:28,148",I know.,1
650,"01:47:30,460","01:47:32,988",I am so sorry.,0
651,"01:47:34,701","01:47:36,975",I know. I know.,0
652,"01:47:37,075","01:47:39,235",Hold it there.,0
653,"01:47:39,335","01:47:40,837",All right.,0
654,"01:47:40,937","01:47:43,439",Put that on there. Press it on.,0
655,"01:47:43,539","01:47:47,201",Hey. Hey.,0
655,"01:47:43,539","01:47:47,201",Home.,0
656,"01:47:54,517","01:47:56,777",Home.,0
657,"01:48:01,557","01:48:03,184","No. No, no, no. No, no, no, no.",0
658,"01:48:03,284","01:48:05,859",She's exsanguinated. Drained all her blood.,0
659,"01:48:07,600","01:48:09,360",Hold these.,0
660,"01:48:09,460","01:48:12,536",We need that. Thank you. Needle.,0
661,"01:48:13,536","01:48:15,418",Come on!,0
662,"01:48:15,891","01:48:17,911",Take this.,0
663,"01:48:19,794","01:48:21,186",Keep her awake.,0
664,"01:48:21,286","01:48:22,437",Furiosa.,0
665,"01:48:26,249","01:48:28,952","Okay, that's not retracting.",0
666,"01:48:29,052","01:48:31,220",There we go.,0
667,"01:48:31,320","01:48:34,205","All right, hold it up. Hold it up.",0
668,"01:48:34,590","01:48:36,238",Okay.,0
669,"01:48:36,338","01:48:38,383",Sorry.,0
670,"01:48:39,195","01:48:42,156",There you go. Okay. There you go.,0
671,"01:48:54,277","01:48:55,545",Max.,0
672,"01:48:56,834","01:48:59,339",My name is Max.,0
673,"01:49:06,989","01:49:09,516",That's my name.,0
674,"01:49:50,533","01:49:52,490",Brake!,0
675,"01:49:57,106","01:49:59,691",Reveal yourself.,0
676,"01:50:17,277","01:50:18,619",He's got something.,0
677,"01:50:25,369","01:50:26,955",It's Immortan Joe.,0
678,"01:50:27,055","01:50:30,028",The Immortan Joe is dead!,0
679,"01:50:56,132","01:50:58,301",Furiosa!,0
680,"01:51:02,538","01:51:03,707",Furiosa!,0
681,"01:51:04,107","01:51:06,543",She's back.,0
682,"01:51:16,149","01:51:18,579",Let's do it! Let 'em up. Come on.,0
